,D_wf0/λ,D_wf1/λ,u_node0
t0(s0),0.0,0.6666666666666667,0.25
t1(s1),0.6666666666666667,0.0,0.25
