,wf0_avg_e2e_latency,wf0_violation_rate,wf1_avg_e2e_latency,wf1_violation_rate,wf2_avg_e2e_latency,wf2_violation_rate,node0_cpu_usage_pct,node1_cpu_usage_pct,node2_cpu_usage_pct
s0_avg_threads,0.07886714573502071,0.062176847772703506,0.0,0.0,2.1874162476686262e-16,1.295260195396016e-16,8.767180529943172e-16,0.0,0.0
s1_avg_threads,9.939966424848446e-17,1.2393187251629654e-16,0.0,0.0,1.0937081238343131e-16,1.295260195396016e-16,0.0,0.0,6.16423849042767e-16
s2_avg_threads,0.001898576809734439,0.00173241629798157,0.0,0.0,0.04083188057302583,0.030301742869729347,0.029028392130851736,0.02865039793695515,0.02338728953714579
s3_avg_threads,2.9819899274545336e-16,1.2393187251629654e-16,0.10599979755309259,0.10549903275543779,2.1874162476686262e-16,3.885780586188048e-16,1.7534361059886345e-15,6.81931666616648e-16,1.232847698085534e-15
s4_avg_threads,0.0,0.0,0.0,0.0,0.0,0.0,0.0,6.81931666616648e-16,0.0
s5_avg_threads,0.0,0.0,0.0,0.0,0.0,0.0,0.0,0.0,0.0
s6_avg_threads,0.006404233096202812,0.005252441545463575,0.0,0.0,0.12228173017090224,0.09088994203832745,0.08693062521824421,0.08472138773741428,0.06889066446428925
s7_avg_threads,9.939966424848446e-17,0.0,0.0,0.0,1.0937081238343131e-16,0.0,1.7534361059886345e-15,6.81931666616648e-16,0.0
s8_avg_threads,0.0,0.0,0.0,0.0,0.0,0.0,0.0,0.0,0.0
