,s0_avg_threads,s1_avg_threads,s2_avg_threads,s3_avg_threads,s4_avg_threads,s5_avg_threads,s6_avg_threads,s7_avg_threads,s8_avg_threads
s0_avg_threads,0.0,0.23491587460453972,0.036983228754957166,2.0784264873475037e-15,0.0,0.0,0.04003658327856617,0.04135358137556231,0.0
s1_avg_threads,0.23491587460453972,0.0,0.508313212903809,8.922331897520307e-15,0.0,0.0,0.5056670209349268,0.017565713905389385,0.0
s2_avg_threads,0.036983228754957166,0.508313212903809,0.0,1.1648956404976698e-14,0.4133321892572728,0.0,0.9997464021225673,0.5740487027874174,0.0
s3_avg_threads,2.0784264873475037e-15,8.922331897520307e-15,1.1648956404976698e-14,0.0,4.5587840601121014e-15,0.0,1.1630191093440807e-14,1.2728302566959322e-14,0.0
s4_avg_threads,0.0,0.0,0.4133321892572728,4.5587840601121014e-15,0.0,0.0,0.40960141791417065,0.3612702068136596,0.0
s5_avg_threads,0.0,0.0,0.0,0.0,0.0,0.0,0.0,0.0,0.0
s6_avg_threads,0.04003658327856617,0.5056670209349268,0.9997464021225673,1.1630191093440807e-14,0.40960141791417065,0.0,0.0,0.5744026334190138,0.0
s7_avg_threads,0.04135358137556231,0.017565713905389385,0.5740487027874174,1.2728302566959322e-14,0.3612702068136596,0.0,0.5744026334190138,0.0,0.0
s8_avg_threads,0.0,0.0,0.0,0.0,0.0,0.0,0.0,0.0,0.0
