,wf0_avg_e2e_latency,wf0_violation_rate,node0_cpu_usage_pct,node1_cpu_usage_pct,node2_cpu_usage_pct
s0_avg_threads,0.02679837081839055,0.031551618024498886,0.009448292044150106,0.003822321719702534,0.003114463892647853
s1_avg_threads,0.00467263823834168,0.008096670278189042,0.015085346002511171,0.0029652293032296673,0.0027724818764919925
s2_avg_threads,0.0,0.0,0.0,0.0,0.0
