,s0_avg_threads,s1_avg_threads,s2_avg_threads
s0_avg_threads,0.0,0.697830323149616,0.08939888191904242
s1_avg_threads,0.697830323149616,0.0,0.16283976012660842
s2_avg_threads,0.08939888191904242,0.16283976012660842,0.0
