,s0_avg_threads,s1_avg_threads,s2_avg_threads,s3_avg_threads,s4_avg_threads,s5_avg_threads
s0_avg_threads,0.0,0.33158464245515146,0.7839846070713614,0.04189562987816811,0.17145330041887202,0.3025101831971218
s1_avg_threads,0.33158464245515146,0.0,0.061571721720890885,0.07999513076854227,0.4942879187096782,0.9733055306695508
s2_avg_threads,0.7839846070713614,0.061571721720890885,0.0,0.5487839288719587,0.4904916531330721,0.1136245810289523
s3_avg_threads,0.04189562987816811,0.07999513076854227,0.5487839288719587,0.0,0.8988321211132696,0.1371514056437053
s4_avg_threads,0.17145330041887202,0.4942879187096782,0.4904916531330721,0.8988321211132696,0.0,0.5383559723528821
s5_avg_threads,0.3025101831971218,0.9733055306695508,0.1136245810289523,0.1371514056437053,0.5383559723528821,0.0
