,s0_avg_threads,s1_avg_threads,s2_avg_threads,s3_avg_threads,s4_avg_threads,s5_avg_threads
s0_avg_threads,0.0,0.42032614994796863,0.0,0.009939321230373608,0.00997770689394608,0.0
s1_avg_threads,0.42032614994796863,0.0,0.0,0.1842068489639242,0.18362517236496667,0.0
s2_avg_threads,0.0,0.0,0.0,0.0,0.0,0.0
s3_avg_threads,0.009939321230373608,0.1842068489639242,0.0,0.0,0.9996665472856077,0.0
s4_avg_threads,0.00997770689394608,0.18362517236496667,0.0,0.9996665472856077,0.0,0.0
s5_avg_threads,0.0,0.0,0.0,0.0,0.0,0.0
