,wf0_avg_e2e_latency,wf0_violation_rate,wf1_avg_e2e_latency,wf1_violation_rate,node0_cpu_usage_pct,node1_cpu_usage_pct,node2_cpu_usage_pct
s0_avg_threads,0.023166302326694838,0.021650001349832287,5.223658616611174e-05,6.915894507580595e-05,0.009404720438482088,0.006472105825383964,0.006472579533800622
s1_avg_threads,1.1366710810592494e-05,1.3395773675247267e-05,5.092141080269792e-06,3.5511372203703877e-06,0.002264678852236134,0.0003492355683702631,0.0003510819354771031
s2_avg_threads,0.002857221819227968,0.003380693716426141,0.002504582958845988,0.0015796684256250643,0.0002581702388889029,0.00010944266976114201,0.00012122559322685569
s3_avg_threads,3.0468440625178624e-05,3.774488436830011e-05,0.027872836390118096,0.026055234139086232,0.0023655910253813036,0.0022808306548437224,0.002064187067131086
s4_avg_threads,1.867110383060057e-05,1.679678837756027e-05,0.0031483921785814863,0.0037547672259426587,0.0026755495584603614,0.0004938794512922965,0.0005505802604910121
s5_avg_threads,0.0,0.0,8.225195819272263e-17,6.556435184794232e-17,1.0981482575904717e-15,2.7768803894923357e-16,2.580399368823472e-16
