,s0_avg_threads,s1_avg_threads,s2_avg_threads,s3_avg_threads,s4_avg_threads,s5_avg_threads
s0_avg_threads,0.0,0.3315846424550887,0.7839846070713918,0.04189562987815509,0.171453300418872,0.3447643929979894
s1_avg_threads,0.3315846424550887,0.0,0.061571721720919646,0.07999513076851046,0.4942879187096426,0.9890374570758879
s2_avg_threads,0.7839846070713918,0.061571721720919646,0.0,0.5487839288719308,0.49049165313310916,0.10520317378194435
s3_avg_threads,0.04189562987815509,0.07999513076851046,0.5487839288719308,0.0,0.898832121113279,0.17352576963627278
s4_avg_threads,0.171453300418872,0.4942879187096426,0.49049165313310916,0.898832121113279,0.0,0.566517086426477
s5_avg_threads,0.3447643929979894,0.9890374570758879,0.10520317378194435,0.17352576963627278,0.566517086426477,0.0
