,wf0_avg_e2e_latency,wf0_violation_rate,wf1_avg_e2e_latency,wf1_violation_rate,node0_cpu_usage_pct,node1_cpu_usage_pct,node2_cpu_usage_pct
s0_avg_threads,0.02316630232669472,0.021650001349832287,5.223658616594724e-05,6.915894507574038e-05,0.009404720438482637,0.006472105825383964,0.006472579533799848
s1_avg_threads,1.1366710810652499e-05,1.3395773675366348e-05,5.092141080352044e-06,3.5511372203703877e-06,0.002264678852236134,0.0003492355683702631,0.0003510819354771031
s2_avg_threads,0.002857221819227848,0.003380693716426022,0.002504582958845988,0.0015796684256251298,0.00025817023888835387,0.00010944266976114201,0.00012122559322711373
s3_avg_threads,3.046844062553865e-05,3.774488436853827e-05,0.027872836390118262,0.026055234139086232,0.0023655910253813036,0.0022808306548445555,0.0020641870671318603
s4_avg_threads,1.8671103830540565e-05,1.679678837756027e-05,0.0031483921785812395,0.003754767225942593,0.0026755495584603614,0.0004938794512922965,0.0005505802604910121
s5_avg_threads,1.2000880607085636e-16,0.0,1.6450391638544527e-16,1.3112870369588464e-16,2.7453706439761794e-15,0.0,0.0
