{
  "scenario": "M4N3_B_striped",
  "N": 3,
  "M": 4,
  "L": 10,
  "delta": 5,
  "kpi_names": [
    "D_wf0/\u03bb",
    "D_wf1/\u03bb",
    "D_wf2/\u03bb",
    "D_wf3/\u03bb",
    "u_node0",
    "u_node1",
    "u_node2"
  ],
  "kpi_weights": [
    0.125,
    0.125,
    0.125,
    0.125,
    0.16666666666666666,
    0.16666666666666666,
    0.16666666666666666
  ],
  "operating_points": {
    "baseline": {
      "assignment": {
        "s0": 2,
        "s1": 2,
        "s2": 2,
        "s3": 2,
        "s4": 2,
        "s5": 2,
        "s6": 2,
        "s7": 2
      },
      "kpis": {
        "D_wf0/\u03bb": 31.4286,
        "D_wf1/\u03bb": 31.4286,
        "D_wf2/\u03bb": 31.4286,
        "D_wf3/\u03bb": 31.4286,
        "u_node0": 71.4286,
        "u_node1": 100.0,
        "u_node2": 48.9796
      },
      "J": 52.449
    },
    "optimal": {
      "assignment": {
        "s0": 1,
        "s1": 1,
        "s2": 4,
        "s3": 2,
        "s4": 1,
        "s5": 1,
        "s6": 1,
        "s7": 1
      },
      "kpis": {
        "D_wf0/\u03bb": 44.2857,
        "D_wf1/\u03bb": 0.0,
        "D_wf2/\u03bb": 44.2857,
        "D_wf3/\u03bb": 44.2857,
        "u_node0": 55.8974,
        "u_node1": 95.8974,
        "u_node2": 39.3939
      },
      "J": 48.4719
    },
    "worst": {
      "assignment": {
        "s0": 4,
        "s1": 1,
        "s2": 4,
        "s3": 1,
        "s4": 4,
        "s5": 1,
        "s6": 4,
        "s7": 4
      },
      "kpis": {
        "D_wf0/\u03bb": 72.8571,
        "D_wf1/\u03bb": 72.8571,
        "D_wf2/\u03bb": 44.2857,
        "D_wf3/\u03bb": 0.0,
        "u_node0": 72.9167,
        "u_node1": 93.6842,
        "u_node2": 55.8974
      },
      "J": 60.8331
    }
  },
  "sweep_rows": 65536
}