,D_wf0/λ,D_wf1/λ,u_node0
t0(s0),0.4789762194421066,0.33878084768955263,0.19212366767302239
t1(s1),0.33878084768955263,0.4789762194421066,0.19212366767302239
