,D_wf0/λ,D_wf1/λ,u_node0
t0(s0),0.38636363636363635,0.330988455988456,0.2650726242637264
t1(s1),0.330988455988456,0.38636363636363635,0.2650726242637264
